,City,Cloudiness,Country,Date,Humidity,Lat,Lng,Max Temp,Wind Speed
0,avarua,0,CK,1564418354,83,-21.21,-159.78,296.15,7.7
1,rikitea,100,PF,1564418354,79,-23.12,-134.97,294.09,9.8
2,klaksvik,30,FO,1564418354,87,62.23,-6.59,288.15,2.1
3,chuy,85,UY,1564418354,83,-33.69,-53.46,287.39,2.24
4,albany,40,US,1564418110,62,42.65,-73.75,303.71,3.1
5,vaini,100,IN,1564418355,90,15.34,74.49,297.79,3.99
6,butaritari,44,KI,1564418355,72,3.07,172.79,301.99,2.78
7,saint-philippe,1,CA,1564418355,58,45.36,-73.48,304.26,5.7
8,hithadhoo,75,MV,1564418355,70,-0.6,73.08,302.29,3.88
9,ushuaia,0,AR,1564418238,69,-54.81,-68.31,275.15,1.29
10,hermanus,51,ZA,1564418356,67,-34.42,19.24,290.93,4.92
11,hobart,75,AU,1564418356,56,-42.88,147.33,280.15,1.12
12,provideniya,100,RU,1564418356,93,64.42,-173.23,279.99,4.32
13,burgeo,63,CA,1564418356,94,47.61,-57.61,288.19,4.76
14,lompoc,90,US,1564418357,87,34.64,-120.46,290.15,3.6
15,coquimbo,0,CL,1564418357,72,-29.95,-71.34,288.15,5.7
16,busselton,49,AU,1564418357,67,-33.64,115.35,280.93,5.15
17,bethel,75,US,1564418357,100,60.79,-161.76,285.15,3.6
18,codrington,90,AU,1564418358,100,-28.95,153.24,284.82,1.52
19,bubaque,100,GW,1564418358,87,11.28,-15.83,299.19,7.98
20,chokurdakh,96,RU,1564418358,94,70.62,147.9,275.09,3.94
21,kavieng,87,PG,1564418358,77,-2.57,150.8,299.19,2.3
22,bluff,39,AU,1564418358,55,-23.58,149.07,286.99,2.05
23,marsh harbour,17,BS,1564418247,64,26.54,-77.06,302.59,1.91
24,port alfred,2,ZA,1564418359,42,-33.59,26.89,296.48,2.24
25,bredasdorp,23,ZA,1564418359,76,-34.53,20.04,290.93,2.1
26,kulhudhuffushi,100,MV,1564418359,70,6.62,73.07,301.39,2.27
27,hilo,90,US,1564418359,94,19.71,-155.08,295.37,2.1
28,lavrentiya,100,RU,1564418359,88,65.58,-170.99,280.59,4.54
29,east london,0,ZA,1564418360,40,-33.02,27.91,296.15,2.6
30,hami,0,CN,1564418360,12,42.84,93.51,300.29,5.64
31,nanortalik,16,GL,1564418360,90,60.14,-45.24,276.59,2.24
32,lebu,90,ET,1564418360,77,8.96,38.73,290.15,3.1
33,faya,40,SA,1564418360,60,18.39,42.45,298.15,3.1
34,celestun,31,MX,1564418361,81,20.87,-90.4,300.29,5.67
35,punta arenas,40,CL,1564418361,69,-53.16,-70.91,277.15,4.1
36,thompson,20,CA,1564418361,54,55.74,-97.86,287.15,4.6
37,pevek,100,RU,1564418361,97,69.7,170.27,273.09,4.45
38,caravelas,25,BR,1564418361,66,-17.73,-39.27,296.69,4.35
39,san cristobal,47,HN,1564418291,33,14.68,-86.92,303.39,5.39
40,kapaa,75,US,1564418362,74,22.08,-159.32,300.15,5.1
41,walvis bay,90,NA,1564418362,72,-22.95,14.51,292.15,2.1
42,canhaway,100,PH,1564418362,83,9.75,124.47,298.99,4.5
43,tabatinga,96,BR,1564418362,38,-21.74,-48.69,299.09,1.39
44,mar del plata,29,AR,1564418363,45,-46.43,-67.52,280.99,4.85
45,dikson,76,RU,1564418363,78,73.51,80.55,279.29,5.48
46,srandakan,57,ID,1564418363,85,-7.94,110.25,295.99,2.72
47,jumla,100,NP,1564418363,96,29.28,82.18,285.89,1.14
48,badiraguato,75,MX,1564418363,66,25.36,-107.55,305.37,5.7
49,belmonte,0,PT,1564418364,43,40.36,-7.35,302.59,2.68
50,puerto ayora,75,EC,1564418364,73,-0.74,-90.35,296.15,8.2
51,georgetown,75,GY,1564418364,78,6.8,-58.16,302.15,3.1
52,karratha,1,AU,1564418364,43,-20.74,116.85,292.29,1.94
53,alba,0,IT,1564418364,38,44.69,8.03,305.37,2.6
54,sao filipe,69,CV,1564418365,81,14.9,-24.5,296.99,4.65
55,yonago,75,JP,1564418365,83,35.42,133.37,300.15,2.6
56,mataura,51,NZ,1564418365,97,-46.19,168.86,280.37,1.83
57,lashio,100,MM,1564418365,99,22.93,97.75,293.99,0.25
58,ancud,90,CL,1564418366,100,-41.87,-73.83,283.15,5.7
59,vardo,1,US,1564418366,51,39.62,-77.74,305.93,2.6
60,euclid,40,US,1564418366,48,41.59,-81.53,303.71,7.2
61,kincardine,100,CA,1564418366,86,44.18,-81.63,301.48,0.89
62,cidreira,53,BR,1564418367,71,-30.17,-50.22,293.49,2.92
63,clyde river,1,CA,1564418367,81,70.47,-68.59,282.15,6.7
64,mexticacan,20,MX,1564418367,60,21.27,-102.78,293.15,1.01
65,namtsy,72,RU,1564418367,67,62.72,129.66,288.15,3.0
66,lazaro cardenas,75,MX,1564418367,64,28.39,-105.62,298.71,7.2
67,rajanpur,45,PK,1564418368,45,29.1,70.33,309.29,4.37
68,saint george,20,GR,1564418264,26,39.45,22.34,307.15,5.7
69,presque isle,1,US,1564418368,54,46.68,-68.02,302.04,3.1
70,sambava,51,MG,1564418368,97,-14.27,50.17,293.49,1.12
71,ilulissat,20,GL,1564418368,25,69.22,-51.1,291.15,6.7
72,mangai,40,CD,1564418369,28,-4.07,19.59,300.89,0.85
73,cape town,90,ZA,1564418061,87,-33.93,18.42,288.71,10.8
74,tuktoyaktuk,75,CA,1564418369,87,69.44,-133.03,280.15,3.6
75,sayyan,69,YE,1564418369,53,15.17,44.32,298.19,0.86
76,ingraj bazar,93,IN,1564418369,85,25.0,88.15,300.39,4.89
77,methoni,20,GR,1564418369,42,36.82,21.7,303.15,5.7
78,westport,1,US,1564418178,58,41.14,-73.36,306.48,5.1
79,port hardy,75,CA,1564418370,77,50.7,-127.42,289.15,2.1
80,phangnga,40,TH,1564418370,83,8.45,98.53,300.15,0.5
81,ustka,61,PL,1564418370,76,54.58,16.86,294.59,5.92
82,saint-louis,75,SN,1564418370,66,16.03,-16.5,304.15,3.1
83,saint-augustin,75,CA,1564418371,65,45.63,-73.98,304.26,3.1
84,ukiah,1,US,1564418309,46,39.15,-123.21,298.15,2.1
85,havelock,20,US,1564418371,38,34.88,-76.9,305.93,3.6
86,port elizabeth,1,US,1564418371,46,39.31,-74.98,307.59,2.6
87,mount gambier,90,AU,1564418372,93,-37.83,140.78,280.15,2.1
88,kudahuvadhoo,100,MV,1564418372,69,2.67,72.89,301.09,2.11
89,rapar,77,IN,1564418372,87,23.57,70.65,299.19,7.16
90,iqaluit,75,CA,1564418372,81,63.75,-68.52,282.15,3.1
91,nikolskoye,0,RU,1564418372,58,59.7,30.79,288.15,4.0
92,bintulu,75,MY,1564418373,94,3.17,113.03,299.15,0.79
93,husavik,46,CA,1564418373,48,50.56,-96.99,290.93,4.02
94,luanda,20,AO,1564418306,69,-8.83,13.24,299.15,3.6
95,rathdrum,75,IE,1564418373,72,52.93,-6.23,291.48,4.1
96,jipijapa,75,EC,1564418373,83,-1.35,-80.58,298.15,3.1
97,kahului,20,US,1564418373,77,20.89,-156.47,297.04,7.0
98,kintampo,97,GH,1564418374,87,8.05,-1.73,298.09,1.56
99,saskylakh,72,RU,1564418374,80,71.97,114.09,279.19,3.6
100,pisco,75,PE,1564418374,30,-13.71,-76.2,295.15,2.1
101,boende,79,CD,1564418374,62,-0.28,20.88,299.49,0.74
102,abnub,0,EG,1564418374,28,27.27,31.15,309.15,3.6
103,vila,0,IT,1564418375,33,45.18,8.4,305.93,5.1
104,davila,75,PH,1564418375,94,18.47,120.58,299.15,1.5
105,fuerte olimpo,0,BR,1564418375,25,-21.04,-57.87,305.99,3.63
106,tiznit,0,MA,1564418375,86,29.7,-9.73,293.29,7.56
107,dunedin,100,NZ,1564418375,93,-45.87,170.5,282.04,1.79
108,yangambi,98,CD,1564418376,68,0.77,24.47,298.59,0.88
109,shestakovo,88,RU,1564418376,80,56.49,103.96,287.39,1.61
110,mashhad,0,IR,1564418376,35,36.3,59.61,302.15,3.1
111,atuona,0,PF,1564418376,77,-9.8,-139.03,299.49,8.31
112,goussainville,0,FR,1564418376,30,49.03,2.47,302.59,4.1
113,sampit,54,ID,1564418377,98,-2.54,112.95,294.69,0.69
114,hendaye,90,FR,1564418182,68,43.37,-1.77,297.15,2.6
115,auki,72,NG,1564418377,83,12.18,6.51,297.59,7.85
116,kodiak,20,US,1564418377,69,39.95,-94.76,299.26,5.1
117,daund,100,IN,1564418377,86,18.46,74.58,295.89,7.47
118,airai,0,TL,1564418378,85,-8.93,125.41,291.39,1.97
119,shimoda,77,JP,1564418378,94,34.7,138.93,299.82,0.45
120,evensk,44,RU,1564418378,76,61.92,159.24,284.89,1.42
121,manavalakurichi,40,IN,1564418109,88,8.13,77.3,300.15,2.6
122,faanui,56,PF,1564418379,78,-16.48,-151.75,299.09,11.21
123,ribeira grande,75,PT,1564418379,69,38.52,-28.7,296.15,5.7
124,taua,69,BR,1564418379,39,-3.62,-49.62,306.79,1.61
125,barrow,100,AR,1564418379,57,-38.31,-60.23,288.29,4.57
126,souillac,0,FR,1564418379,37,45.6,-0.6,301.15,6.7
127,labuhan,35,ID,1564418380,89,-2.54,115.51,294.69,0.39
128,cabo san lucas,75,MX,1564418380,62,22.89,-109.91,305.93,5.1
129,comodoro rivadavia,40,AR,1564418380,58,-45.87,-67.48,285.15,8.2
130,zhigansk,0,RU,1564418380,76,66.77,123.37,281.59,7.95
131,houma,67,CN,1564418380,91,35.63,111.36,294.89,0.24
132,akureyri,0,IS,1564418380,72,65.68,-18.09,289.15,9.3
133,tachov,20,CZ,1564418381,73,49.8,12.63,298.15,3.6
134,port blair,100,IN,1564418335,78,11.67,92.75,301.99,8.53
135,port-gentil,75,GA,1564418381,78,-0.72,8.78,298.15,4.6
136,paka,83,CF,1564418381,96,4.15,15.03,294.29,0.32
137,hambantota,0,LK,1564418382,94,6.12,81.12,300.15,4.1
138,katangli,100,RU,1564418382,99,51.71,143.23,284.39,1.44
139,bontang,28,ID,1564418382,99,0.12,117.47,295.09,0.73
140,norman wells,75,CA,1564418382,72,65.28,-126.83,291.15,4.1
141,rio grande,0,BR,1564418383,82,-32.03,-52.1,290.15,1.0
142,yellowknife,75,CA,1564418383,72,62.45,-114.38,288.15,5.1
143,cervo,0,BR,1564418383,43,-22.19,-46.24,294.15,2.06
144,esmeraldas,20,BR,1564418281,33,-19.76,-44.31,299.15,4.6
145,dire dawa,69,ET,1564418384,61,9.59,41.86,294.99,4.35
146,kaeo,5,NZ,1564418384,95,-35.1,173.78,281.48,3.62
147,zhicheng,98,CN,1564418384,70,35.04,112.59,300.69,1.31
148,yulara,90,AU,1564418384,67,-25.24,130.99,287.15,5.7
149,jabinyanah,0,TN,1564418271,51,35.03,10.91,303.15,5.1
150,bilibino,100,RU,1564418385,97,68.06,166.44,272.99,4.88
151,avera,1,US,1564418385,48,33.19,-82.53,305.37,2.6
152,new norfolk,75,AU,1564418385,56,-42.78,147.06,280.15,1.12
153,bambous virieux,75,MU,1564418386,94,-20.34,57.76,297.15,4.6
154,vestmannaeyjar,20,IS,1564418386,87,63.44,-20.27,289.15,3.6
155,kontagora,97,NG,1564418386,87,10.4,5.47,298.59,2.4
156,kuminskiy,94,RU,1564418386,97,58.67,66.57,290.39,2.72
157,acapulco,40,MX,1564418386,55,16.86,-99.88,304.15,1.5
158,guia de isora,20,ES,1564418387,61,28.21,-16.78,298.15,3.1
159,alta floresta,0,BR,1564418387,26,-9.87,-56.08,307.15,2.1
160,kavaratti,68,IN,1564418387,80,10.57,72.64,300.79,5.66
161,moroni,20,GR,1564418387,62,35.09,24.92,302.59,8.2
162,jamestown,5,AU,1564418378,81,-33.21,138.6,279.59,1.82
163,nabire,100,ID,1564418387,99,-3.36,135.5,293.59,1.43
164,umm lajj,0,SA,1564418388,69,25.02,37.27,302.89,2.69
165,te anau,60,NZ,1564418388,76,-45.41,167.72,278.79,2.23
166,hirara,0,JP,1564418388,82,24.8,125.28,302.19,5.55
167,tasiilaq,75,GL,1564418388,93,65.61,-37.64,280.15,1.5
168,upernavik,0,GL,1564418388,73,72.79,-56.15,279.09,4.87
169,vila velha,0,BR,1564418389,55,-3.71,-38.6,303.15,5.1
170,alugan,70,PH,1564418389,96,12.22,125.48,296.09,1.96
171,srednekolymsk,63,RU,1564418389,78,67.46,153.71,279.69,1.54
172,lagoa,0,PT,1564418389,61,37.14,-8.45,302.59,6.7
173,vega de alatorre,45,MX,1564418389,59,20.03,-96.65,303.59,1.78
174,ormara,100,PK,1564418390,79,25.21,64.64,300.69,5.62
175,pangnirtung,20,CA,1564418390,81,66.15,-65.72,284.15,4.1
176,tugulym,75,RU,1564418390,93,57.06,64.64,289.26,7.0
177,truro,75,GB,1564418390,77,50.26,-5.05,293.15,9.3
178,canavieiras,40,BR,1564418390,83,-15.68,-38.95,300.15,4.1
179,traralgon,90,AU,1564418391,93,-38.19,146.54,279.82,1.29
180,nara,75,JP,1564418391,79,34.68,135.8,302.15,4.1
181,sawakin,0,SD,1564418391,44,19.1,37.33,308.15,2.6
182,blackwater,2,GB,1564418391,44,51.33,-0.78,298.15,4.6
183,manitowoc,75,US,1564418391,73,44.09,-87.66,298.71,7.2
184,khatanga,68,RU,1564418391,64,71.98,102.47,282.99,7.77
185,qaanaaq,0,GL,1564418392,56,77.48,-69.36,279.59,0.58
186,arraial do cabo,20,BR,1564418392,78,-22.97,-42.02,296.15,3.6
187,palafrugell,0,ES,1564418392,65,41.92,3.16,303.71,7.2
188,fortuna,90,US,1564418392,100,40.6,-124.16,291.48,2.6
189,bandarbeyla,46,SO,1564418392,76,9.49,50.81,297.79,12.13
190,aswan,0,EG,1564418393,10,24.09,32.9,312.15,6.7
191,timra,90,SE,1564418393,93,62.49,17.33,287.15,2.6
192,weyburn,0,CA,1564418321,48,49.67,-103.85,290.37,2.24
193,matara,20,BI,1564418393,54,-3.48,29.48,300.15,7.2
194,ufimskiy,59,RU,1564418393,94,56.71,58.05,280.39,3.59
195,college,90,US,1564418393,87,64.86,-147.8,287.15,0.53
196,gryazi,0,RU,1564418394,42,52.5,39.96,292.15,4.0
197,changji,50,CN,1564418394,72,32.07,116.17,301.39,2.32
198,edd,91,ER,1564418394,46,13.93,41.69,305.89,4.57
199,makakilo city,20,US,1564418132,94,21.35,-158.09,299.15,1.5
200,ambovombe,0,MG,1564418395,83,-25.18,46.09,295.39,11.34
201,nizhniy odes,100,RU,1564418395,99,63.64,54.86,281.89,1.71
202,puri,10,ID,1564418395,83,-7.54,112.45,294.29,3.52
203,lanxi,3,CN,1564418395,82,29.21,119.46,300.09,1.11
204,bathsheba,75,BB,1564418396,74,13.22,-59.52,303.15,6.7
205,ketchikan,90,US,1564418310,93,55.34,-131.65,287.15,2.6
206,majalengka,90,ID,1564418396,97,-6.84,108.23,288.59,2.01
207,mount isa,8,AU,1564418396,39,-20.73,139.49,290.15,3.6
208,kruisfontein,8,ZA,1564418396,17,-34.0,24.73,296.59,6.37
209,cayenne,100,GF,1564418397,94,4.94,-52.33,297.15,2.1
210,colchester,1,US,1564418397,55,41.58,-72.33,306.48,2.6
211,shelburne,75,CA,1564418224,58,44.08,-80.2,304.26,6.7
212,carnarvon,0,ZA,1564418397,16,-30.97,22.13,290.09,6.16
213,xai-xai,0,MZ,1564418397,83,-25.04,33.64,289.69,2.44
214,hamilton,75,CA,1564418150,69,43.26,-79.87,305.37,6.7
215,liberal,1,US,1564418109,58,37.04,-100.92,303.15,4.6
216,jasper,1,US,1564418379,38,33.83,-87.28,307.15,2.8
217,camabatela,67,AO,1564418398,57,-8.19,15.37,294.49,1.65
218,pimentel,85,BR,1564418398,49,-3.7,-45.5,305.09,1.86
219,kirtipur,40,NP,1564418228,83,27.68,85.28,297.15,2.1
220,kalmunai,99,LK,1564418399,75,7.42,81.82,298.29,0.94
221,adre,100,TD,1564418399,71,13.47,22.2,298.09,2.64
222,kamenka,100,MD,1564418399,63,48.03,28.7,298.71,0.24
223,luganville,20,VU,1564418399,73,-15.51,167.18,297.15,2.6
224,port hedland,14,AU,1564418399,82,-20.31,118.58,289.15,2.1
225,liaoyang,75,CN,1564418400,78,41.27,123.17,300.15,3.0
226,laguna,75,BZ,1564418400,71,16.17,-88.94,300.15,2.1
227,longyearbyen,75,NO,1564418400,71,78.22,15.63,283.15,4.6
228,moose factory,1,CA,1564418400,73,51.26,-80.61,297.15,4.6
229,linjiang,38,CN,1564418401,97,41.81,126.91,293.49,1.12
230,morehead,1,US,1564418401,54,38.18,-83.43,304.82,4.1
231,havre-saint-pierre,1,CA,1564418262,82,50.23,-63.6,293.15,6.7
232,senador jose porfirio,74,BR,1564418401,56,-2.59,-51.95,303.39,1.32
233,mayo,90,CA,1564418401,87,63.59,-135.9,285.15,1.1
234,gamba,96,CN,1564418402,57,28.28,88.52,281.59,3.03
235,egvekinot,89,RU,1564418402,91,66.32,-179.17,279.19,4.82
236,marzuq,74,YE,1564418402,44,14.4,46.47,302.49,2.23
237,namibe,29,AO,1564418402,86,-15.19,12.15,290.79,7.14
238,palembang,20,ID,1564418403,88,-2.99,104.76,299.15,3.1
239,mogadishu,89,SO,1564418403,83,2.04,45.34,297.09,5.94
240,maxixe,20,MZ,1564418299,77,-23.86,35.35,294.15,2.1
241,mulchen,75,CL,1564418403,93,-37.72,-72.23,286.15,8.7
242,huancavelica,0,PE,1564418404,47,-12.79,-74.97,280.29,3.82
243,sertania,45,BR,1564418404,29,-8.07,-37.26,301.69,6.26
244,altay,68,CN,1564418404,52,47.83,88.13,285.89,2.48
245,ulaangom,0,MN,1564418224,63,49.98,92.07,286.69,0.73
246,antalaha,77,MG,1564418404,99,-14.9,50.28,292.49,1.51
247,luderitz,27,NA,1564418237,67,-26.65,15.16,290.15,4.6
248,russkaya polyana,56,RU,1564418405,60,53.78,73.88,294.09,3.9
249,jiuquan,0,CN,1564418405,18,39.73,98.49,293.89,1.67
250,magadan,100,RU,1564418405,96,59.56,150.8,283.49,1.86
251,cherskiy,100,RU,1564418405,81,68.75,161.3,278.09,4.16
252,plasy,20,CZ,1564418406,73,49.93,13.39,298.15,3.6
253,mathbaria,100,BD,1564418318,87,22.29,89.96,299.99,3.71
254,zheleznogorsk-ilimskiy,96,RU,1564418406,86,56.58,104.12,287.69,1.19
255,castro,90,CL,1564418407,100,-42.48,-73.76,283.15,5.7
256,oranjemund,2,ZA,1564418407,88,-28.55,16.43,286.09,11.17
257,salalah,90,OM,1564418407,94,17.01,54.1,298.15,2.6
258,diffa,100,NE,1564418407,58,13.32,12.61,302.39,0.88
259,xining,23,CN,1564418407,91,36.62,101.77,281.69,0.88
260,hualmay,97,PE,1564418408,82,-11.1,-77.61,288.89,6.7
261,abu dhabi,83,AE,1564418130,50,24.47,54.37,312.15,2.6
262,jalu,0,LY,1564418408,15,29.03,21.55,308.49,3.84
263,tura,34,RU,1564418408,88,64.27,100.22,283.49,1.18
264,gizo,0,IL,1564418408,62,31.8,34.94,302.59,3.1
265,newala,51,TZ,1564418408,59,-10.94,39.28,295.79,4.03
266,lamu,1,CN,1564418409,68,35.77,102.37,285.19,0.66
267,ponta do sol,14,BR,1564418409,43,-20.63,-46.0,295.79,2.87
268,cabedelo,75,BR,1564418409,65,-6.97,-34.84,301.15,7.7
269,tuatapere,64,NZ,1564418409,97,-46.13,167.69,280.37,3.8
270,chepareria,32,KE,1564418409,69,1.32,35.2,292.69,2.1
271,gondanglegi,59,ID,1564418410,93,-7.75,112.01,293.09,2.65
272,karaton,40,ID,1564418410,74,-6.34,106.1,299.15,1.0
273,otane,88,NZ,1564418410,94,-39.89,176.62,275.37,0.75
274,muroto,74,JP,1564418410,96,33.37,134.14,296.49,0.78
275,tananger,40,NO,1564418411,83,58.94,5.59,297.59,2.1
276,lugovoy,100,RU,1564418411,98,59.72,65.88,290.09,2.35
277,conneaut,40,US,1564418411,58,41.95,-80.55,303.71,5.7
278,macas,20,EC,1564418411,68,-2.3,-78.12,295.15,2.1
279,skeldon,97,GY,1564418411,74,5.88,-57.13,301.49,1.01
280,eyl,60,SO,1564418412,67,7.98,49.82,298.79,10.89
281,nouakchott,0,MR,1564418412,70,18.08,-15.98,302.15,7.2
282,khudumelapye,0,BW,1564418412,52,-23.91,24.95,284.89,1.99
283,rundu,0,NA,1564418412,10,-17.91,19.77,300.15,1.0
284,redwater,75,CA,1564418412,88,53.95,-113.11,292.59,2.1
285,san jose,20,HN,1564418227,48,14.25,-87.96,302.15,3.6
286,severo-kurilsk,97,RU,1564418413,94,50.68,156.12,281.49,4.17
287,kiunga,100,PG,1564418413,96,-6.12,141.3,294.59,0.8
288,prince rupert,75,CA,1564418413,87,54.32,-130.32,287.15,1.0
289,keflavik,20,IS,1564418413,77,64.0,-22.56,292.15,2.1
290,buala,69,SB,1564418414,83,-8.15,159.59,299.59,3.96
291,geraldton,90,CA,1564418414,100,49.72,-86.95,291.15,3.1
292,orocue,16,CO,1564418414,59,4.79,-71.34,303.49,4.8
293,deputatskiy,100,RU,1564418414,94,69.3,139.9,276.49,3.33
294,at-bashi,17,KG,1564418415,68,41.17,75.81,287.09,2.52
295,russell,1,US,1564418349,28,38.9,-98.86,302.59,7.2
296,cockburn town,3,TC,1564418415,78,21.46,-71.14,301.29,6.55
297,pouebo,20,NC,1564418415,83,-20.4,164.57,286.79,1.12
298,kendari,12,ID,1564418416,95,-3.99,122.52,292.89,1.17
299,kaitangata,100,NZ,1564418416,90,-46.28,169.85,280.93,1.79
300,nikko,41,JP,1564418417,92,36.75,139.62,290.09,1.19
301,lakatoro,85,VU,1564418417,71,-16.11,167.42,296.39,4.35
302,yeovil,75,GB,1564418417,40,50.94,-2.63,297.59,5.1
303,ierapetra,20,GR,1564418418,62,35.01,25.74,302.59,8.2
304,elizabeth city,1,US,1564418418,55,36.3,-76.22,305.93,2.1
305,flinders,90,AU,1564418418,100,-34.58,150.85,285.93,3.1
306,dali,13,CN,1564418419,86,34.79,109.94,295.19,0.26
307,rolla,75,US,1564418254,83,37.95,-91.77,298.15,4.1
308,ambon,75,FR,1564418419,68,47.55,-2.56,295.37,9.3
309,ambanja,4,MG,1564418419,76,-13.68,48.45,298.99,2.54
310,kholodnyy,100,RU,1564418419,93,62.72,147.95,281.89,1.47
311,novyy urengoy,95,RU,1564418420,68,66.08,76.63,286.49,4.57
312,biak,100,ID,1564418420,98,-0.91,122.88,289.79,1.91
313,tabou,100,CI,1564418420,83,4.42,-7.36,297.39,2.75
314,mahebourg,75,MU,1564418420,94,-20.41,57.7,297.15,4.6
315,aguas vermelhas,90,BR,1564418420,57,-15.75,-41.46,295.79,2.01
316,bataipora,0,BR,1564418421,32,-22.3,-53.27,302.59,2.37
317,lerwick,75,GB,1564418137,93,60.15,-1.15,291.15,3.6
318,waingapu,12,ID,1564418421,93,-9.65,120.26,292.59,3.78
319,fengzhen,2,CN,1564418421,66,40.43,113.15,290.19,1.23
320,birnin kebbi,97,NG,1564418421,62,12.45,4.2,301.99,5.93
321,tiksi,100,RU,1564418422,96,71.64,128.87,274.99,2.55
322,tual,85,ID,1564418422,82,-5.67,132.75,297.69,9.54
323,palana,0,RU,1564418422,81,59.08,159.95,284.29,3.22
324,esperance,0,AU,1564418422,93,-33.86,121.89,282.15,4.1
325,tahoua,48,NE,1564418422,31,14.89,5.26,308.49,3.56
326,lodja,41,CD,1564418422,22,-3.52,23.6,298.49,0.53
327,hasaki,40,JP,1564418423,94,35.73,140.83,299.26,1.5
328,eureka,90,US,1564418248,100,40.8,-124.16,288.15,2.6
329,la rioja,1,AR,1564418423,40,-29.41,-66.86,289.39,2.58
330,moca,40,DO,1564418423,70,19.39,-70.53,305.93,4.6
331,paciran,30,ID,1564418423,88,-6.9,112.33,293.89,1.48
332,naze,100,NG,1564418424,93,5.43,7.07,296.79,1.71
333,mushie,84,CD,1564418424,38,-3.02,16.92,302.99,2.21
334,sohag,0,EG,1564418424,19,26.55,31.7,310.15,5.1
335,roald,0,NO,1564418424,64,62.58,6.12,300.15,3.6
336,fort nelson,75,CA,1564418424,76,58.81,-122.69,287.15,2.1
337,half moon bay,90,US,1564418425,93,37.46,-122.43,294.26,2.1
338,katherine,42,AU,1564418425,63,-14.47,132.26,290.15,2.6
339,dingle,82,PH,1564418425,89,11.0,122.67,295.89,2.47
340,krupina,75,SK,1564418425,78,48.35,19.07,295.15,6.2
341,ouesso,94,CG,1564418426,65,1.61,16.05,300.09,1.41
342,aras,20,ES,1564418426,31,42.56,-2.36,305.15,5.1
343,tessalit,10,ML,1564418426,15,20.2,1.01,314.49,5.4
344,adrar,0,DZ,1564418344,5,27.87,-0.29,320.15,8.2
345,sarangani,100,PH,1564418426,73,5.4,125.46,300.49,1.15
346,saint-pierre,0,FR,1564418426,28,48.95,4.24,301.15,3.1
347,lagos,75,NG,1564418353,78,6.46,3.39,300.15,2.6
348,ust-karsk,7,RU,1564418427,98,52.71,118.82,286.59,2.13
349,iberia,0,PE,1564418427,32,-11.41,-69.49,306.09,1.24
350,vidalia,20,US,1564418427,66,31.57,-91.43,303.15,2.6
351,hofn,0,IS,1564418427,68,64.25,-15.21,292.15,3.1
352,haukipudas,75,FI,1564418427,55,65.17,25.5,285.93,5.1
353,padang,36,ID,1564418428,79,-0.92,100.36,300.89,5.45
354,ostrovnoy,100,RU,1564418428,93,68.05,39.51,277.59,11.79
355,anori,43,BR,1564418428,46,-3.74,-61.66,305.49,0.47
356,mananjary,83,MG,1564418428,67,-19.16,46.8,292.59,2.48
357,chake chake,3,TZ,1564418428,80,-5.25,39.77,298.29,9.95
358,pasni,90,PK,1564418429,70,25.26,63.48,301.99,2.78
359,saldanha,0,PT,1564418429,37,41.42,-6.55,294.59,7.58
360,pran buri,100,TH,1564418429,29,12.39,99.9,302.04,1.96
361,arlit,100,NE,1564418429,18,18.74,7.39,312.99,2.97
362,conceicao do araguaia,50,BR,1564418340,19,-8.26,-49.26,312.59,0.26
363,komsomolskiy,93,RU,1564418429,62,67.55,63.78,285.79,9.54
364,puerto leguizamo,10,CO,1564418430,45,-0.19,-74.78,304.39,1.67
365,ahipara,0,NZ,1564418430,80,-35.17,173.16,288.19,9.03
366,dwarka,20,IN,1564418430,79,28.58,77.04,304.26,2.1
367,venice,1,US,1564418430,62,27.1,-82.45,307.04,4.6
368,alofi,75,NU,1564418431,94,-19.06,-169.92,297.15,2.1
369,rio gallegos,75,AR,1564418431,86,-51.62,-69.22,277.15,2.6
370,cascais,20,PT,1564418431,53,38.7,-9.42,298.15,11.3
371,talnakh,40,RU,1564418431,87,69.49,88.39,287.15,4.0
372,victor harbor,0,AU,1564418431,93,-35.55,138.62,282.04,2.6
373,miramar,0,CR,1564418432,44,10.09,-84.73,300.15,12.9
374,touros,75,BR,1564418143,66,-5.2,-35.46,302.15,5.1
375,nanaimo,20,CA,1564418221,63,49.17,-123.94,294.82,1.5
376,katsuura,40,JP,1564418432,88,33.93,134.5,299.15,2.6
377,okha,100,RU,1564418432,94,53.59,142.95,285.69,3.94
378,nsanje,0,MZ,1564418432,61,-16.92,35.26,292.39,2.58
379,the valley,40,AI,1564418432,88,18.22,-63.06,298.15,7.7
380,pokhara,95,NP,1564418433,86,28.21,83.99,286.89,1.29
381,bhunya,0,SZ,1564418433,45,-26.54,31.01,283.69,1.77
382,talakan,0,RU,1564418433,97,50.29,130.28,289.59,1.17
383,ushtobe,65,KZ,1564418433,16,45.25,77.98,303.69,3.04
384,garissa,39,KE,1564418433,64,-0.46,39.64,297.49,9.19
385,kloulklubed,75,PW,1564418434,78,7.04,134.26,300.15,5.1
386,boa vista,75,BR,1564418434,58,2.82,-60.67,304.15,1.5
387,kokopo,100,PG,1564418434,98,-4.34,152.27,293.99,1.3
388,inhambane,20,MZ,1564418434,77,-23.87,35.38,294.15,2.1
389,maniitsoq,0,GL,1564418435,77,65.42,-52.9,280.09,3.75
390,katastarion,20,GR,1564418435,51,37.83,20.77,303.15,4.6
391,tarime,22,TZ,1564418435,58,-1.35,34.38,292.19,0.97
392,ibra,92,OM,1564418435,53,22.69,58.55,302.19,4.18
393,peace river,20,CA,1564418435,59,56.23,-117.29,290.15,5.7
394,vao,10,EE,1564418436,64,59.1,26.19,288.49,1.22
395,hay river,75,CA,1564418436,48,60.82,-115.79,292.15,4.6
396,pionerskiy,100,RU,1564418436,98,61.2,62.86,287.79,1.33
397,doha,0,QA,1564418410,60,25.29,51.53,314.15,2.6
398,zoniana,20,GR,1564418436,62,35.3,24.83,304.15,8.2
399,jawa,70,ID,1564418436,87,5.32,95.93,295.69,1.79
400,troitsk,4,RU,1564418437,73,54.08,61.55,287.59,4.82
401,sanming,0,CN,1564418437,86,26.24,117.6,296.49,1.35
402,qaqortoq,40,GL,1564418437,41,60.72,-46.03,289.15,5.7
403,agirish,88,RU,1564418438,98,61.92,63.02,287.99,2.96
404,camacha,75,PT,1564418438,73,33.08,-16.33,296.15,6.7
405,rutland,40,US,1564418435,54,43.61,-72.97,303.71,3.1
406,marsa matruh,0,EG,1564418438,66,31.35,27.25,303.15,4.1
407,hanna,59,CA,1564418438,51,51.64,-111.93,294.82,4.02
408,margate,75,AU,1564418438,56,-43.03,147.26,280.15,1.12
409,beyneu,0,KZ,1564418439,38,45.32,55.19,301.29,4.85
410,necochea,100,AR,1564418224,82,-38.55,-58.74,285.37,2.68
411,cauquenes,88,CL,1564418439,76,-35.97,-72.32,287.29,2.42
412,denpasar,40,ID,1564418288,88,-8.65,115.22,298.15,4.6
413,litovko,32,RU,1564418439,96,49.24,135.18,289.29,1.01
414,esna,75,RO,1564418439,60,45.2,27.57,297.15,1.0
415,ocos,40,GT,1564418440,58,14.51,-92.19,304.15,2.1
416,manzhouli,24,CN,1564418349,75,49.6,117.43,288.89,3.03
417,rochegda,100,RU,1564418440,97,62.67,43.41,280.69,4.14
418,polyarnyy,75,RU,1564418440,75,69.2,33.45,281.15,6.0
419,bakel,93,SN,1564418440,40,14.9,-12.46,308.19,2.65
420,madinat sittah uktubar,0,EG,1564418441,38,29.82,31.05,307.15,4.1
421,victoria,75,BN,1564418441,83,5.28,115.24,299.15,1.0
422,susehri,0,TR,1564418441,58,40.16,38.09,287.59,1.34
423,dubbo,75,AU,1564418441,81,-32.25,148.6,283.15,0.47
424,banda aceh,38,ID,1564418183,71,5.56,95.32,301.39,5.83
425,chapais,90,CA,1564418442,64,49.78,-74.86,297.15,3.6
426,anloga,75,GH,1564418442,78,5.79,0.9,300.15,6.7
427,zemes,0,RO,1564418442,44,46.58,26.42,300.15,4.1
428,carahue,90,CL,1564418442,87,-38.71,-73.16,286.15,5.1
429,moron,4,HT,1564418442,66,18.56,-74.26,301.69,1.45
430,petropavlovsk-kamchatskiy,75,RU,1564418443,93,53.05,158.65,286.15,0.45
431,tilichiki,89,RU,1564418443,93,60.47,166.1,283.99,1.0
432,gisborne,99,NZ,1564418360,99,-38.66,178.02,278.71,0.89
433,snyder,1,US,1564418169,51,32.72,-100.92,304.82,2.6
434,nekhayevskiy,79,RU,1564418443,82,50.41,41.76,290.59,2.69
435,mehamn,75,NO,1564418444,81,71.03,27.85,280.15,6.2
436,presidente medici,15,BR,1564418444,24,-11.18,-61.9,308.09,2.55
437,huoqiu,87,CN,1564418444,67,32.34,116.27,301.69,1.61
438,sitka,0,US,1564418444,54,37.17,-99.65,303.15,2.68
439,kabwe,14,ZM,1564418444,37,-14.44,28.44,289.19,3.05
440,vanderhoof,78,CA,1564418315,42,54.02,-124.02,290.99,2.04
441,ferkessedougou,74,CI,1564418445,77,9.6,-5.2,300.39,1.23
442,usinsk,100,RU,1564418445,92,66.0,57.56,286.89,12.14
443,grand-santi,30,GF,1564418445,90,4.27,-54.38,300.29,0.59
444,bambanglipuro,57,ID,1564418445,85,-7.95,110.28,295.99,2.72
445,verkhoyansk,38,RU,1564418445,84,67.55,133.39,279.39,4.33
446,mirzapur,40,IN,1564418446,84,25.15,82.57,303.15,4.1
447,riga,0,LV,1564418179,60,56.95,24.11,295.15,4.1
448,jiazi,0,CN,1564418446,94,19.61,110.49,299.15,1.14
449,sabzevar,20,IR,1564418235,26,36.21,57.68,307.15,10.3
450,brae,75,GB,1564418446,93,60.4,-1.35,290.15,6.7
451,albanel,40,CA,1564418446,42,48.88,-72.44,302.15,5.1
452,mapiripan,12,CO,1564418447,55,2.89,-72.13,303.29,3.15
453,iquitos,40,PE,1564418447,58,-3.75,-73.25,302.15,1.5
454,atar,0,MR,1564418447,12,20.52,-13.05,314.89,3.84
455,port augusta,90,AU,1564418447,93,-32.49,137.76,281.15,2.6
456,mastic beach,1,US,1564418447,70,40.77,-72.85,306.48,4.6
457,nibe,100,DK,1564418448,62,56.98,9.64,300.37,0.45
458,saint-francois,0,FR,1564418448,30,46.42,3.91,301.15,1.0
459,port moresby,63,PG,1564418448,80,-9.47,147.16,297.69,8.28
460,ati,100,TD,1564418448,53,13.21,18.34,302.49,2.2
461,bom jesus,38,BR,1564418449,24,-9.08,-44.36,306.79,3.66
462,trairi,12,BR,1564418449,35,-3.28,-39.27,305.89,3.69
463,kununurra,28,AU,1564418449,82,-15.77,128.74,290.15,1.39
464,keti bandar,100,PK,1564418449,83,24.14,67.45,301.59,12.32
465,beringovskiy,62,RU,1564418450,82,63.05,179.32,283.49,2.39
466,jining,100,CN,1564418450,90,35.41,116.58,298.59,1.58
467,hun,0,BE,1564418450,31,50.34,4.87,299.82,1.5
468,nhamunda,54,BR,1564418450,36,-2.19,-56.71,307.59,1.59
469,san patricio,94,PY,1564418450,90,-26.98,-56.83,290.49,1.76
470,ramjibanpur,76,IN,1564418451,83,22.83,87.62,300.19,4.14
471,polunochnoye,100,RU,1564418451,97,60.87,60.43,282.89,1.1
472,almenara,88,BR,1564418451,64,-16.17,-40.69,295.39,2.21
473,jiamusi,100,CN,1564418451,95,46.81,130.37,295.99,2.74
474,hobyo,59,SO,1564418451,73,5.35,48.53,298.09,9.61
475,muros,75,ES,1564418451,63,42.77,-9.06,293.71,4.6
476,puerto del rosario,20,ES,1564418339,51,28.5,-13.86,300.15,9.3
477,pilna,0,UA,1564418452,33,50.16,37.0,303.15,3.0
478,pochutla,75,MX,1564418452,58,15.74,-96.47,305.93,4.1
479,marawi,100,PH,1564418452,91,8.0,124.29,297.59,2.24
480,sao joao da barra,75,BR,1564418452,78,-21.64,-41.05,296.15,6.2
481,idlib,0,SY,1564418453,58,35.93,36.64,303.15,10.8
482,stokmarknes,0,NO,1564418453,51,68.56,14.91,290.15,5.1
483,najran,40,SA,1564418453,13,17.54,44.22,309.15,3.6
484,vostok,98,RU,1564418453,97,46.45,135.83,293.39,1.79
485,southampton,0,GB,1564418453,49,50.9,-1.4,297.15,4.6
486,yar-sale,40,RU,1564418454,64,66.83,70.83,284.09,7.52
487,port lincoln,80,AU,1564418454,71,-34.72,135.86,287.29,6.21
488,pelotas,0,BR,1564418454,82,-31.77,-52.34,290.15,1.0
489,emporia,20,US,1564418454,69,38.4,-96.18,303.71,6.2
490,tiruttani,75,IN,1564418454,52,13.18,79.61,305.15,2.1
491,liverpool,20,GB,1564418455,50,53.41,-2.98,297.59,1.0
492,guantanamo,0,BO,1564418455,42,-16.14,-62.05,302.15,7.7
493,hovd,20,NO,1564418455,40,63.83,10.7,303.15,5.7
494,riyadh,0,SA,1564418344,11,24.63,46.72,313.15,4.6
495,stadtallendorf,40,DE,1564418455,68,50.83,9.02,299.82,2.6
496,porto walter,0,BR,1564418455,37,-8.27,-72.74,306.59,0.11
497,rovaniemi,20,FI,1564418456,50,66.5,25.72,284.15,7.7
498,la victoria,0,VE,1564418456,58,10.23,-67.33,300.37,0.45
499,vila franca do campo,40,PT,1564418456,64,37.72,-25.43,296.15,5.7
500,suez,0,EG,1564418456,36,29.97,32.54,300.99,5.62
501,praia,20,BR,1564418456,33,-20.25,-43.81,299.15,4.6
502,kinsale,90,IE,1564418457,100,51.71,-8.52,287.59,3.1
503,turukhansk,41,RU,1564418457,85,65.8,87.96,282.89,1.74
504,kosh-agach,99,RU,1564418457,54,49.99,88.66,284.69,1.98
505,nadym,72,RU,1564418457,62,65.53,72.51,288.79,9.26
506,santa barbara,90,US,1564418270,82,34.42,-119.7,300.93,2.51
507,baruun-urt,27,MN,1564418458,92,46.68,113.28,285.59,4.32
508,taltal,0,CL,1564418458,51,-25.41,-70.49,291.09,3.05
509,meulaboh,61,ID,1564418458,75,4.14,96.13,300.59,3.2
510,townsville,40,AU,1564418458,93,-19.26,146.82,290.93,1.5
511,antofagasta,75,CL,1564418406,76,-23.65,-70.4,291.48,6.2
512,formosa,16,BR,1564418459,31,-15.55,-47.33,300.29,2.94
513,nouadhibou,0,MR,1564418459,57,20.93,-17.03,300.15,7.7
514,hadzici,40,BA,1564418225,77,43.82,18.21,300.15,4.1
515,zyryanka,52,RU,1564418459,66,65.73,150.89,279.89,3.86
516,oksfjord,75,NO,1564418459,66,70.24,22.35,283.15,6.2
517,etampes,0,FR,1564418460,26,48.43,2.15,302.59,4.6
518,jerome,1,US,1564418460,21,34.75,-112.11,307.04,2.1
519,lorengau,100,PG,1564418460,85,-2.02,147.27,297.39,1.72
520,fangshan,0,CN,1564418460,88,39.75,116.14,298.15,2.0
521,brekstad,20,NO,1564418460,60,63.69,9.67,303.15,6.7
522,narsaq,40,GL,1564418460,41,60.91,-46.05,289.15,5.7
523,noumea,0,NC,1564418461,93,-22.28,166.46,286.15,1.0
524,vadso,75,NO,1564418461,81,70.07,29.75,281.15,8.2
525,pombia,20,GR,1564418461,62,35.01,24.87,302.59,8.2
526,orlik,0,PL,1564418461,61,53.95,17.74,302.04,4.6
527,paramirim,6,BR,1564418461,25,-13.44,-42.24,300.99,4.79
528,japura,70,ID,1564418462,88,-0.42,102.29,296.99,0.75
529,rawson,54,AR,1564418462,50,-43.3,-65.11,286.19,9.07
530,manggar,79,ID,1564418462,93,-2.88,108.27,296.29,1.18
531,sol-iletsk,37,RU,1564418462,64,51.16,55.0,288.09,3.73
532,bonfim,31,GY,1564418462,54,3.36,-59.84,304.69,0.65
533,neiafu,75,TO,1564418463,88,-18.65,-173.98,298.15,3.1
534,nemuro,100,JP,1564418463,98,43.32,145.57,291.49,5.41
535,tombouctou,96,ML,1564418463,25,16.77,-3.01,312.19,3.87
536,visby,75,SE,1564418463,78,57.64,18.3,297.59,5.7
537,malazgirt,20,TR,1564418463,22,39.15,42.54,293.89,4.13
538,xudat,0,AZ,1564418464,60,41.63,48.68,294.49,3.89
539,ucluelet,90,CA,1564418171,100,48.94,-125.55,293.71,4.1
540,zakamensk,65,RU,1564418464,94,50.38,103.29,282.59,1.34
541,el alto,20,BO,1564418464,9,-16.5,-68.19,284.15,3.6
542,leczna,75,PL,1564418464,88,51.3,22.88,298.15,4.1
543,san quintin,100,PH,1564418465,92,17.54,120.52,296.79,1.01
544,bandrele,0,YT,1564418465,83,-12.91,45.19,298.15,5.7
545,constantine,0,DZ,1564418171,32,36.36,6.61,307.15,5.7
546,constitucion,5,MX,1564418465,60,23.99,-104.67,295.93,1.5
547,grindavik,20,IS,1564418465,77,63.84,-22.43,292.15,2.1
548,merauke,79,ID,1564418465,82,-8.49,140.4,297.49,8.33
549,la asuncion,0,AR,1564418466,20,-26.05,-65.39,291.89,2.61
550,maceio,40,BR,1564418466,44,-9.67,-35.74,300.15,5.1
551,imbituba,20,BR,1564418466,64,-28.24,-48.67,297.15,5.1
552,gloucester,0,GB,1564418466,38,51.87,-2.25,297.59,4.6
553,rapid valley,90,US,1564418466,60,44.06,-103.15,296.48,3.1
554,klyuchi,27,RU,1564418467,32,52.25,79.17,297.19,6.07
555,sao miguel do araguaia,0,BR,1564418282,18,-13.28,-50.16,309.79,2.07
556,sakaiminato,75,JP,1564418467,83,35.55,133.23,300.15,2.6
557,airdrie,20,CA,1564418421,67,51.29,-114.01,294.26,4.1
558,general pico,50,AR,1564418467,47,-35.66,-63.75,290.69,0.82
559,copiapo,0,CL,1564418288,59,-27.37,-70.33,290.15,3.6
560,slave lake,40,CA,1564418468,72,55.28,-114.77,290.15,1.0
